shot,sub_start,sub_end
2,9581,9621
3,5236,5276
4,4761,4801
5,4331,4371
6,4021,4061
7,3986,4026
8,3566,3606
9,3451,3491
10,3431,3471
11,3176,3216
12,3111,3151
13,3261,3301
14,3091,3131
15,6141,6181
16,5746,5786
17,5621,5661
18,5406,5446
19,4741,4781
20,4346,4386
21,4051,4091
22,3906,3946
23,3651,3691
24,3526,3566
25,3316,3356
26,3186,3226
27,3156,3196
28,2986,3026
29,2986,3026
30,2836,2876
31,2806,2846
32,2791,2831
33,2696,2736
34,5541,5581
35,5841,5881
36,5561,5601
37,5391,5431
38,4861,4901
39,4301,4341
40,4046,4086
41,3906,3946
42,3636,3676
43,3401,3441
44,3331,3371
45,3166,3206
46,3071,3111
47,3036,3076
48,2946,2986
49,2861,2901
50,2851,2891
51,2751,2791
52,2706,2746
53,2711,2751
54,2586,2626
55,2586,2626
56,2561,2601
57,2521,2561
58,2446,2486
59,2366,2406
60,2356,2396
61,2281,2321
62,2321,2361
63,2311,2351
64,2296,2336
65,2281,2321
66,2241,2281
67,2231,2271
68,2211,2251
69,2226,2266
70,2206,2246
71,2251,2291
72,2261,2301
73,2291,2331
74,2306,2346
75,2261,2301
76,2251,2291
77,2266,2306
78,2281,2321
79,2261,2301
80,2266,2306
81,2306,2346
82,2266,2306
83,2261,2301
84,2231,2271
85,2271,2311
86,2256,2296
87,2261,2301
88,2266,2306
89,2296,2336
90,2281,2321
91,2306,2346
92,2271,2311
93,2271,2311
94,2271,2311
95,2251,2291
96,2241,2281
97,2226,2266
98,2226,2266
99,2226,2266
100,2271,2311
101,2241,2281
102,2271,2311
103,2251,2291
104,2256,2296
105,2256,2296
106,2266,2306
107,2241,2281
108,2236,2276
109,2256,2296
110,2261,2301
111,2261,2301
112,2271,2311
113,2261,2301
114,2271,2311
115,2296,2336
116,2271,2311
117,2216,2256
118,2256,2296
119,2276,2316
120,2276,2316
121,2266,2306
122,2286,2326
123,2311,2351
124,2256,2296
125,2266,2306
126,2266,2306
127,2271,2311
128,2216,2256
129,2261,2301
130,2271,2311
131,2296,2336
132,2256,2296
133,2276,2316
134,2266,2306
135,2301,2341
136,2306,2346
137,2251,2291
138,2276,2316
139,2276,2316
140,2281,2321
141,2251,2291
142,2246,2286
143,2261,2301
144,2266,2306
145,2261,2301
146,2251,2291
147,2266,2306
148,2306,2346
149,2261,2301
150,2236,2276
151,2256,2296
152,2271,2311
153,2266,2306
154,2276,2316
155,2266,2306
156,2291,2331
157,2301,2341
158,2231,2271
159,2261,2301
160,2256,2296
161,2236,2276
162,2271,2311
163,2246,2286
164,2271,2311
165,2311,2351
166,2256,2296
167,2256,2296
168,2241,2281
169,2231,2271
170,2271,2311
171,2261,2301
172,2271,2311
173,2271,2311
174,2266,2306
175,2271,2311
176,2286,2326
177,2291,2331
178,2281,2321
179,2301,2341
180,2261,2301
181,2296,2336
182,2266,2306
183,2251,2291
184,2256,2296
185,2251,2291
186,2276,2316
187,2296,2336
188,2271,2311
189,2311,2351
190,2291,2331
191,2256,2296
192,2281,2321
193,2286,2326
194,2281,2321
195,2276,2316
196,2311,2351
197,2271,2311
198,2246,2286
199,2221,2261
200,2266,2306
201,2246,2286
202,2251,2291
203,2251,2291
204,2251,2291
205,2251,2291
206,2241,2281
207,2276,2316
208,2286,2326
209,2241,2281
210,2231,2271
211,2251,2291
212,2241,2281
213,2236,2276
214,2246,2286
215,2251,2291
216,2266,2306
217,2256,2296
218,2261,2301
219,2286,2326
220,2261,2301
221,2301,2341
222,2266,2306
223,2291,2331
224,2266,2306
225,2291,2331
226,2286,2326
227,2241,2281
228,2246,2286
229,2281,2321
230,2316,2356
231,2231,2271
232,2326,2366
233,2316,2356
234,2276,2316
235,2281,2321
236,2246,2286
237,2286,2326
238,2261,2301
239,2306,2346
240,2231,2271
241,2231,2271
242,2251,2291
243,2291,2331
244,2251,2291
245,2266,2306
246,2276,2316
247,2271,2311
248,2191,2231
249,2281,2321
250,2271,2311
251,2296,2336
252,2236,2276
253,2291,2331
254,2296,2336
255,2261,2301
256,2281,2321
257,2241,2281
258,2276,2316
259,2266,2306
260,2296,2336
261,2291,2331
262,2236,2276
263,2291,2331
264,2246,2286
265,2286,2326
266,2266,2306
267,2251,2291
268,2291,2331
269,2301,2341
270,2261,2301
271,2271,2311
272,2246,2286
273,2251,2291
274,2221,2261
275,2241,2281
276,2291,2331
277,2276,2316
278,2276,2316
279,2261,2301
280,2281,2321
281,2271,2311
282,2291,2331
283,2296,2336
284,2271,2311
285,2276,2316
286,2266,2306
287,2291,2331
288,2291,2331
289,2271,2311
290,2251,2291
291,2251,2291
292,2226,2266
293,2241,2281
294,2231,2271
295,2226,2266
296,2266,2306
297,2261,2301
298,2236,2276
299,2251,2291
300,2246,2286
301,2266,2306
302,5486,5526
303,4691,4731
304,4286,4326
305,3996,4036
306,3771,3811
307,3576,3616
308,3386,3426
309,3236,3276
310,3151,3191
311,3056,3096
312,2986,3026
313,2921,2961
314,2861,2901
315,2796,2836
316,2711,2751
317,2701,2741
318,2641,2681
319,2581,2621
320,2541,2581
321,2506,2546
322,2491,2531
323,2451,2491
324,2401,2441
325,2341,2381
326,2356,2396
327,2316,2356
328,2271,2311
329,2276,2316
330,2301,2341
331,2316,2356
332,2256,2296
333,2281,2321
334,2271,2311
335,2276,2316
336,2266,2306
337,2316,2356
338,2286,2326
339,2301,2341
340,2281,2321
341,2301,2341
342,2246,2286
343,2266,2306
344,2276,2316
345,2271,2311
346,2256,2296
347,2261,2301
348,2291,2331
349,2286,2326
350,2271,2311
351,2241,2281
352,2266,2306
353,2291,2331
354,2286,2326
355,2256,2296
356,2251,2291
357,2271,2311
358,2296,2336
359,2271,2311
360,2261,2301
361,2266,2306
362,2266,2306
363,2266,2306
364,2246,2286
365,2276,2316
366,2251,2291
367,2301,2341
368,2231,2271
369,2281,2321
370,2241,2281
371,2306,2346
372,2286,2326
373,2246,2286
374,2286,2326
375,2251,2291
376,2306,2346
377,2276,2316
378,2276,2316
379,2276,2316
380,2311,2351
381,2291,2331
382,2281,2321
383,2296,2336
384,2296,2336
385,2266,2306
386,2271,2311
387,2316,2356
388,2291,2331
389,2246,2286
390,2281,2321
391,2271,2311
392,2256,2296
393,2281,2321
394,2271,2311
395,2261,2301
396,2266,2306
397,2286,2326
398,2276,2316
399,2301,2341
400,2296,2336
401,2286,2326
402,2251,2291
403,2281,2321
404,2301,2341
405,2261,2301
406,2266,2306
407,2256,2296
408,2266,2306
409,2321,2361
410,2316,2356
411,2261,2301
412,2266,2306
413,2281,2321
414,2281,2321
415,2281,2321
416,2246,2286
417,2266,2306
418,2261,2301
419,2296,2336
420,2331,2371
421,2291,2331
422,2261,2301
423,2246,2286
424,2221,2261
425,2251,2291
426,2281,2321
427,2276,2316
428,2276,2316
429,2251,2291
430,2291,2331
431,2276,2316
432,2281,2321
433,2301,2341
434,2271,2311
435,2291,2331
436,2256,2296
437,2271,2311
438,2296,2336
439,2261,2301
440,2251,2291
441,2236,2276
442,2286,2326
443,2281,2321
444,2291,2331
445,2266,2306
446,2281,2321
447,2281,2321
448,2256,2296
449,2256,2296
450,2311,2351
451,2261,2301
452,2256,2296
453,2266,2306
454,2256,2296
455,2256,2296
456,2261,2301
457,2241,2281
458,2226,2266
459,2281,2321
460,2256,2296
461,2266,2306
462,2266,2306
463,2256,2296
464,2261,2301
465,2251,2291
466,2241,2281
467,2236,2276
468,2246,2286
469,2256,2296
470,2301,2341
471,2281,2321
472,2266,2306
473,2306,2346
474,2296,2336
475,2171,2211
476,2276,2316
477,2266,2306
478,2326,2366
479,2226,2266
480,2271,2311
481,2301,2341
482,2261,2301
483,2261,2301
484,2236,2276
485,2301,2341
486,2311,2351
487,2276,2316
488,2256,2296
489,2306,2346
490,2246,2286
491,2266,2306
492,2251,2291
493,2251,2291
494,2231,2271
495,2276,2316
496,2246,2286
497,2276,2316
498,2246,2286
499,2236,2276
500,2316,2356
501,2276,2316
502,2196,2236
503,2281,2321
504,2301,2341
505,2271,2311
506,2266,2306
507,2221,2261
508,2271,2311
509,2266,2306
510,2226,2266
511,2231,2271
512,2271,2311
513,2276,2316
514,2286,2326
515,2306,2346
516,2241,2281
517,2286,2326
518,2241,2281
519,2241,2281
520,2256,2296
521,2276,2316
522,2256,2296
523,2281,2321
524,2306,2346
525,2271,2311
526,2256,2296
527,2236,2276
528,2266,2306
529,2256,2296
530,2276,2316
531,2286,2326
532,2256,2296
533,2296,2336
534,2296,2336
535,2296,2336
536,2251,2291
537,2271,2311
538,2291,2331
539,2286,2326
540,2236,2276
541,2231,2271
542,2251,2291
543,2231,2271
544,2256,2296
545,2271,2311
546,2281,2321
547,2271,2311
548,2256,2296
549,2246,2286
550,2276,2316
551,2241,2281
552,2206,2246
553,2241,2281
554,2241,2281
555,2296,2336
556,2291,2331
557,2311,2351
558,2276,2316
559,2276,2316
560,2311,2351
561,2256,2296
562,2291,2331
563,2246,2286
564,2256,2296
565,2266,2306
566,2291,2331
567,2236,2276
568,2286,2326
569,2246,2286
570,2261,2301
571,2256,2296
572,2271,2311
573,2281,2321
574,2286,2326
575,2306,2346
576,2241,2281
577,2281,2321
578,2261,2301
579,2301,2341
580,2276,2316
581,2256,2296
582,2261,2301
583,2301,2341
584,2266,2306
585,2261,2301
586,2251,2291
587,2221,2261
588,2286,2326
589,2231,2271
590,2266,2306
591,2276,2316
592,2251,2291
593,2236,2276
594,2251,2291
595,2236,2276
596,2261,2301
597,2221,2261
598,2246,2286
599,2236,2276
600,2196,2236
601,2226,2266
602,5401,5441
603,4741,4781
604,4226,4266
605,3926,3966
606,3646,3686
607,3456,3496
608,3361,3401
609,3181,3221
610,3161,3201
611,3141,3181
612,3011,3051
613,2866,2906
614,2856,2896
615,2786,2826
616,2696,2736
617,2656,2696
618,2591,2631
619,2606,2646
620,2536,2576
621,2521,2561
622,2461,2501
623,2466,2506
624,2366,2406
625,2326,2366
626,2306,2346
627,2321,2361
628,2351,2391
629,2256,2296
630,2251,2291
631,2261,2301
632,2276,2316
633,2241,2281
634,2246,2286
635,2276,2316
636,2281,2321
637,2266,2306
638,2266,2306
639,2296,2336
640,2241,2281
641,2236,2276
642,2256,2296
643,2286,2326
644,2311,2351
645,2246,2286
646,2311,2351
647,2246,2286
648,2246,2286
649,2261,2301
650,2256,2296
651,2226,2266
652,2251,2291
653,2256,2296
654,2301,2341
655,2271,2311
656,2251,2291
657,2236,2276
658,2286,2326
659,2266,2306
660,2261,2301
661,2301,2341
662,2246,2286
663,2271,2311
664,2296,2336
665,2271,2311
666,2401,2441
667,2286,2326
668,2271,2311
669,2246,2286
670,2231,2271
671,2246,2286
672,2271,2311
673,2246,2286
674,2261,2301
675,2246,2286
676,2256,2296
677,2281,2321
678,2266,2306
679,2251,2291
680,2306,2346
681,2251,2291
682,2276,2316
683,2281,2321
684,2301,2341
685,2296,2336
686,2281,2321
687,2266,2306
688,2301,2341
689,2296,2336
690,2271,2311
691,2261,2301
692,2286,2326
693,2301,2341
694,2286,2326
695,2291,2331
696,2271,2311
697,2241,2281
698,2281,2321
699,2261,2301
700,2256,2296
701,2261,2301
702,2256,2296
703,2261,2301
704,2261,2301
705,2311,2351
706,2301,2341
707,2276,2316
708,2256,2296
709,2291,2331
710,2271,2311
711,2261,2301
712,2236,2276
713,2286,2326
714,2286,2326
715,2281,2321
716,2271,2311
717,2251,2291
718,2281,2321
719,2291,2331
720,2281,2321
721,2266,2306
722,2276,2316
723,2286,2326
724,2281,2321
725,2251,2291
726,2256,2296
727,2256,2296
728,2256,2296
729,2261,2301
730,2276,2316
731,2241,2281
732,2276,2316
733,2226,2266
734,2291,2331
735,2291,2331
736,2246,2286
737,2306,2346
738,2251,2291
739,2251,2291
740,2256,2296
741,2276,2316
742,2196,2236
743,2216,2256
744,2206,2246
745,2261,2301
746,2246,2286
747,2206,2246
748,2286,2326
749,2291,2331
750,2286,2326
751,2266,2306
752,2281,2321
753,2256,2296
754,2301,2341
755,2271,2311
756,2296,2336
757,2306,2346
758,2251,2291
759,2271,2311
760,2281,2321
761,2276,2316
762,2301,2341
763,2271,2311
764,2286,2326
765,2256,2296
766,2286,2326
767,2261,2301
768,2271,2311
769,2266,2306
770,2281,2321
771,2296,2336
772,2281,2321
773,2286,2326
774,2296,2336
775,2231,2271
776,2271,2311
777,2276,2316
778,2276,2316
779,2246,2286
780,2281,2321
781,2241,2281
782,2256,2296
783,2291,2331
784,2286,2326
785,2291,2331
786,2271,2311
787,2251,2291
788,2281,2321
789,2271,2311
790,2266,2306
791,2276,2316
792,2276,2316
793,2246,2286
794,2271,2311
795,2266,2306
796,2271,2311
797,2286,2326
798,2251,2291
799,2256,2296
800,2276,2316
801,2261,2301
802,2271,2311
803,2296,2336
804,2266,2306
805,2291,2331
806,2256,2296
807,2276,2316
808,2281,2321
809,2271,2311
810,2271,2311
811,2246,2286
812,2256,2296
813,2176,2216
814,2241,2281
815,2231,2271
816,2256,2296
817,2266,2306
818,2306,2346
819,2246,2286
820,2246,2286
821,2276,2316
822,2301,2341
823,2316,2356
824,2216,2256
825,2271,2311
826,2281,2321
827,2266,2306
828,2251,2291
829,2291,2331
830,2271,2311
831,2296,2336
832,2281,2321
833,2276,2316
834,2271,2311
835,2261,2301
836,2251,2291
837,2231,2271
838,2246,2286
839,2251,2291
840,2276,2316
841,2251,2291
842,2246,2286
843,2271,2311
844,2311,2351
845,2276,2316
846,2316,2356
847,2286,2326
848,2251,2291
849,2256,2296
850,2246,2286
851,2246,2286
852,2311,2351
853,2276,2316
854,2266,2306
855,2271,2311
856,2291,2331
857,2271,2311
858,2261,2301
859,2261,2301
860,2301,2341
861,2296,2336
862,2261,2301
863,2271,2311
864,2286,2326
865,2276,2316
866,2281,2321
867,2256,2296
868,2236,2276
869,2281,2321
870,2301,2341
871,2246,2286
872,2296,2336
873,2241,2281
874,2276,2316
875,2281,2321
876,2276,2316
877,2276,2316
878,2271,2311
879,2301,2341
880,2291,2331
881,2306,2346
882,2271,2311
883,2276,2316
884,2266,2306
885,2281,2321
886,2251,2291
887,2276,2316
888,2256,2296
889,2266,2306
890,2226,2266
891,2236,2276
892,2286,2326
893,2261,2301
894,2291,2331
895,2236,2276
896,2276,2316
897,2301,2341
898,2246,2286
899,2296,2336
900,2256,2296
901,2231,2271
902,5481,5521
903,4761,4801
904,4291,4331
905,4016,4056
906,3711,3751
907,3611,3651
908,3411,3451
909,3331,3371
910,3216,3256
911,3031,3071
912,2986,3026
913,2911,2951
914,2866,2906
915,2816,2856
916,2731,2771
917,2651,2691
918,2596,2636
919,2566,2606
920,2546,2586
921,2481,2521
922,2471,2511
923,2401,2441
924,2406,2446
925,2326,2366
926,2361,2401
927,2316,2356
928,2306,2346
929,2286,2326
930,2291,2331
931,2276,2316
932,2271,2311
933,2306,2346
934,2301,2341
935,2261,2301
936,2291,2331
937,2271,2311
938,2271,2311
939,2246,2286
940,2261,2301
941,2261,2301
942,2261,2301
943,2266,2306
944,2251,2291
945,2271,2311
946,2301,2341
947,2276,2316
948,2251,2291
949,2286,2326
950,2266,2306
951,2231,2271
952,2256,2296
953,2291,2331
954,2266,2306
955,2286,2326
956,2246,2286
957,2266,2306
958,2246,2286
959,2286,2326
960,2271,2311
961,2231,2271
962,2251,2291
963,2246,2286
964,2256,2296
965,2241,2281
966,2291,2331
967,2221,2261
968,2261,2301
969,2271,2311
970,2241,2281
971,2301,2341
972,2281,2321
973,2236,2276
974,2256,2296
975,2256,2296
976,2276,2316
977,2256,2296
978,2281,2321
979,2276,2316
980,2301,2341
981,2251,2291
982,2276,2316
984,2276,2316
985,2226,2266
986,2246,2286
987,2276,2316
988,2256,2296
989,2261,2301
990,2281,2321
991,2241,2281
992,2281,2321
993,2291,2331
994,2281,2321
995,2286,2326
996,2276,2316
997,2316,2356
998,2261,2301
999,2291,2331
1000,2251,2291
1001,2256,2296
1002,2266,2306
1003,2311,2351
1004,2276,2316
1005,2266,2306
1006,2271,2311
1007,2256,2296
1008,2246,2286
1009,2231,2271
1010,2281,2321
1011,2226,2266
1012,2286,2326
1013,2296,2336
1014,2261,2301
1015,2271,2311
1016,2251,2291
1017,2241,2281
1018,2256,2296
1019,2281,2321
1020,2241,2281
1021,2211,2251
1022,2216,2256
1023,2261,2301
1024,2246,2286
1025,2286,2326
1026,2201,2241
1027,2271,2311
1028,2236,2276
1029,2246,2286
1030,2251,2291
1031,2271,2311
1032,2231,2271
1033,2271,2311
1034,2256,2296
1035,2221,2261
1036,2306,2346
1037,2276,2316
1038,2261,2301
1039,2231,2271
1040,2276,2316
1041,2266,2306
1042,2286,2326
1043,2251,2291
1044,2246,2286
1045,2346,2386
1046,2356,2396
1047,2276,2316
1048,2226,2266
1049,2241,2281
1050,2286,2326
1051,2266,2306
1052,2241,2281
1053,2286,2326
1054,2251,2291
1055,2241,2281
1056,2281,2321
1057,2266,2306
1058,2266,2306
1059,2301,2341
1060,2261,2301
1061,2276,2316
1062,2251,2291
1063,2266,2306
1064,2241,2281
1065,2251,2291
1066,2226,2266
1067,2286,2326
1068,2296,2336
1069,2246,2286
1070,2276,2316
1071,2286,2326
1072,2276,2316
1073,2261,2301
1074,2231,2271
1075,2296,2336
1076,2266,2306
1077,2246,2286
1078,2241,2281
1079,2271,2311
1080,2236,2276
1081,2266,2306
1082,2251,2291
1083,2251,2291
1084,2291,2331
1085,2276,2316
1086,2261,2301
1087,2236,2276
1088,2281,2321
1089,2271,2311
1090,2246,2286
1091,2281,2321
1092,2281,2321
1093,2266,2306
1094,2271,2311
1095,2271,2311
1096,2261,2301
1097,2261,2301
1098,2271,2311
1099,2226,2266
1100,2256,2296
1101,5621,5661
1102,5631,5671
1103,5361,5401
1104,4871,4911
1105,4206,4246
1106,3981,4021
1107,3761,3801
1108,3516,3556
1109,3346,3386
1110,3216,3256
1111,3136,3176
1112,3091,3131
1113,2931,2971
1114,2891,2931
1115,2796,2836
1116,2761,2801
1117,2676,2716
1118,2631,2671
1119,2616,2656
1120,2601,2641
1121,2546,2586
1122,2466,2506
1123,2486,2526
1124,2381,2421
1125,2356,2396
1126,2316,2356
1127,2286,2326
1128,2301,2341
1129,2251,2291
1130,2261,2301
1131,2301,2341
1132,2311,2351
1133,2256,2296
1134,2256,2296
1135,2276,2316
1136,2296,2336
1137,2266,2306
1138,2281,2321
1139,2246,2286
1140,2261,2301
1141,2266,2306
1142,2246,2286
1143,2256,2296
1144,2256,2296
1145,2281,2321
1146,2231,2271
1147,2236,2276
1148,2251,2291
1149,2281,2321
1150,2281,2321
1151,2271,2311
1152,2256,2296
1153,2281,2321
1154,2256,2296
1155,2281,2321
1156,2241,2281
1157,2231,2271
1158,2271,2311
1159,2241,2281
1160,2256,2296
1161,2296,2336
1162,2296,2336
1163,2286,2326
1164,2296,2336
1165,2256,2296
1166,2256,2296
1167,2251,2291
1168,2281,2321
1169,2271,2311
1170,2246,2286
1171,2276,2316
1172,2281,2321
1173,2226,2266
1174,2286,2326
1175,2251,2291
1176,2246,2286
1177,2221,2261
1178,2286,2326
1179,2266,2306
1180,2256,2296
1181,2276,2316
1182,2296,2336
1183,2266,2306
1184,2256,2296
1185,2281,2321
1186,2251,2291
1187,2276,2316
1188,2251,2291
1189,2291,2331
1190,2241,2281
1191,2286,2326
1192,2286,2326
1193,2266,2306
1194,2241,2281
1195,2241,2281
1196,2231,2271
1197,2236,2276
1198,2266,2306
1199,2266,2306
1200,2241,2281
1201,2256,2296
1202,2301,2341
1203,5451,5491
1204,4676,4716
1205,4091,4131
1206,3901,3941
1207,3746,3786
1208,3556,3596
1209,3371,3411
1210,3296,3336
1211,3146,3186
1212,3061,3101
1213,2941,2981
1214,2901,2941
1215,2826,2866
1216,2791,2831
1217,2731,2771
1218,2621,2661
1219,2591,2631
1220,2576,2616
1221,2556,2596
1222,2496,2536
1223,2451,2491
1224,2406,2446
1225,2371,2411
1226,2336,2376
1230,5766,5806
1231,5636,5676
1232,5321,5361
1233,4681,4721
1234,4281,4321
1235,3961,4001
1236,3816,3856
1237,3496,3536
1238,3356,3396
1239,3311,3351
1240,3051,3091
1241,3041,3081
1242,3046,3086
1243,2891,2931
1244,2806,2846
1245,2756,2796
1246,2686,2726
1247,2661,2701
1248,2661,2701
1249,2586,2626
1250,2516,2556
1251,2486,2526
1252,2416,2456
1253,2461,2501
1254,2436,2476
1255,2371,2411
1256,2376,2416
1257,2341,2381
1258,2311,2351
1259,2291,2331
1260,2241,2281
1261,2271,2311
1262,2241,2281
1263,5261,5301
1264,4711,4751
1265,4291,4331
1266,3961,4001
1267,3721,3761
1268,3481,3521
1269,3371,3411
1270,3236,3276
1271,3086,3126
1272,3011,3051
1273,2921,2961
1274,2846,2886
1275,2796,2836
1276,2786,2826
1277,2731,2771
1278,2641,2681
1279,2596,2636
1280,2531,2571
1281,2526,2566
1282,2521,2561
1283,2431,2471
1284,2401,2441
1285,2351,2391
1286,2331,2371
1287,2391,2431
1288,2331,2371
1289,2321,2361
1290,2256,2296
1291,2251,2291
1292,2216,2256
1293,2286,2326
1294,2246,2286
1295,2266,2306
1296,2256,2296
1297,2241,2281
1298,2256,2296
1299,2271,2311
1300,2236,2276
1301,2306,2346
1302,2241,2281
1303,2261,2301
1304,2251,2291
1305,2276,2316
1306,2251,2291
1307,2231,2271
1308,2271,2311
1309,2306,2346
1310,2301,2341
1311,2266,2306
1312,2246,2286
1313,2286,2326
1314,2291,2331
1315,2281,2321
1316,2276,2316
1317,2266,2306
1318,2256,2296
1319,2231,2271
1320,2296,2336
1321,2276,2316
1322,2271,2311
1323,2241,2281
1324,2251,2291
1325,2221,2261
1326,2286,2326
1327,2276,2316
1328,2301,2341
1329,2256,2296
1330,2211,2251
1331,2236,2276
1332,2261,2301
1333,2276,2316
1334,2241,2281
1335,2221,2261
1336,2291,2331
1337,2251,2291
1338,2246,2286
1339,2281,2321
1340,2251,2291
1341,2281,2321
1342,2236,2276
1343,2226,2266
1344,2231,2271
1345,2221,2261
1346,2241,2281
1347,2366,2406
1348,2231,2271
1349,2226,2266
1350,2266,2306
1351,2296,2336
1352,2236,2276
1353,2276,2316
1354,2301,2341
1355,2276,2316
1356,2311,2351
1357,2241,2281
1358,2306,2346
1359,2286,2326
1360,2316,2356
1361,2266,2306
1362,2311,2351
1363,2291,2331
1364,2271,2311
1365,2296,2336
1366,2261,2301
1367,2296,2336
1368,2226,2266
1370,2256,2296
1371,2256,2296
1372,2291,2331
1373,2221,2261
1374,2201,2241
1375,2246,2286
1376,2246,2286
1377,2251,2291
1378,2281,2321
1379,2276,2316
1380,2256,2296
1382,2266,2306
1383,2241,2281
1384,2281,2321
1385,2251,2291
1386,2276,2316
1387,2251,2291
1388,2281,2321
1389,2256,2296
1390,2256,2296
1391,2216,2256
1392,2221,2261
1393,2226,2266
1394,2276,2316
1395,2271,2311
1396,2256,2296
1397,2261,2301
1398,2221,2261
1399,2251,2291
1400,2231,2271
1401,2286,2326
1402,2261,2301
1403,2276,2316
1404,2221,2261
1405,2251,2291
1406,2266,2306
1407,2276,2316
1408,2231,2271
1409,2226,2266
1410,2266,2306
1411,2296,2336
1412,2261,2301
1413,2281,2321
1414,2291,2331
1415,2261,2301
1416,2261,2301
1417,2251,2291
1418,2236,2276
1419,2296,2336
1420,2256,2296
1421,2201,2241
1422,2286,2326
1423,2306,2346
1424,2261,2301
1425,2221,2261
1426,2276,2316
1427,2251,2291
1428,2301,2341
1429,2266,2306
1430,2296,2336
1431,2266,2306
1432,2261,2301
1433,2231,2271
1434,2226,2266
1435,2311,2351
1436,2301,2341
1437,2271,2311
1438,2261,2301
1439,2256,2296
1440,2256,2296
1441,2296,2336
1442,2251,2291
1443,2276,2316
1444,2281,2321
1445,2286,2326
1446,2301,2341
1447,2276,2316
1448,2271,2311
1449,2236,2276
1450,2301,2341
1451,2226,2266
1452,2236,2276
1453,2246,2286
1454,2261,2301
1455,2271,2311
1456,2261,2301
1457,2306,2346
1458,2251,2291
1459,2246,2286
1460,2236,2276
1461,2241,2281
1462,2266,2306
1463,2276,2316
1464,2256,2296
1465,2246,2286
1466,2261,2301
1467,2246,2286
1468,2281,2321
1469,2271,2311
1470,2246,2286
1471,2261,2301
1472,2201,2241
1473,2246,2286
1474,2231,2271
1475,2221,2261
1476,2266,2306
1477,2241,2281
1478,2256,2296
1479,2276,2316
1480,2261,2301
1481,2286,2326
1482,2281,2321
1483,2281,2321
1484,2256,2296
1485,2251,2291
1486,2281,2321
1487,2236,2276
1488,2271,2311
1489,2296,2336
1490,2216,2256
1491,2211,2251
1492,2251,2291
1493,2281,2321
1494,2236,2276
1495,2271,2311
1496,2266,2306
1497,2251,2291
1498,2221,2261
1499,2271,2311
1500,2261,2301
1501,2291,2331
1502,2276,2316
1503,2261,2301
1504,2211,2251
1505,2276,2316
1506,2211,2251
1507,2236,2276
1508,2301,2341
1509,2281,2321
1510,2281,2321
1511,2246,2286
1512,2266,2306
1513,2266,2306
1514,2246,2286
1515,2211,2251
1516,2246,2286
1517,2211,2251
1518,2301,2341
1519,2246,2286
1520,2296,2336
1521,2296,2336
1522,2236,2276
1523,2261,2301
1524,2271,2311
1525,2281,2321
1526,2266,2306
1527,2241,2281
1528,2226,2266
1529,2271,2311
1530,2271,2311
1531,2256,2296
1532,2241,2281
1533,2231,2271
1534,2281,2321
1535,2281,2321
1536,2261,2301
1537,2231,2271
1538,2261,2301
1539,2251,2291
1540,2326,2366
1541,2241,2281
1542,2281,2321
1543,2251,2291
1544,2261,2301
1545,2241,2281
1546,2246,2286
1547,2231,2271
1548,2236,2276
1549,2226,2266
1550,2206,2246
1551,2241,2281
1552,2251,2291
1553,2226,2266
1554,2241,2281
1555,2211,2251
1556,2261,2301
1557,2266,2306
1558,2256,2296
1559,2276,2316
1560,2256,2296
1561,2281,2321
1562,2346,2386
1563,2301,2341
1564,2301,2341
1565,5386,5426
1566,4766,4806
1567,4181,4221
1568,4056,4096
1569,3766,3806
1570,3566,3606
1571,3416,3456
1572,3156,3196
1573,3111,3151
1574,3171,3211
1575,3021,3061
1576,2891,2931
1577,2741,2781
1578,2766,2806
1579,2676,2716
1580,2616,2656
1581,2561,2601
1582,2511,2551
1583,2466,2506
1584,2451,2491
1585,2451,2491
1586,2416,2456
1587,2331,2371
1588,2376,2416
1589,2311,2351
1590,2316,2356
1591,2301,2341
1592,2266,2306
1593,2246,2286
1594,2261,2301
1595,2236,2276
1596,2271,2311
1597,2256,2296
1598,2276,2316
1599,2246,2286
1600,2261,2301
1601,2266,2306
1602,2266,2306
1603,2261,2301
1604,2286,2326
1605,2281,2321
1606,2276,2316
1607,2241,2281
1608,2261,2301
1609,2271,2311
1610,2266,2306
1611,2236,2276
1612,2251,2291
1613,2271,2311
1614,2296,2336
1615,2236,2276
1616,2271,2311
1617,2266,2306
1618,2336,2376
1619,2261,2301
1620,2291,2331
1621,2276,2316
1622,2281,2321
1623,2261,2301
1624,2236,2276
1625,2251,2291
1626,2311,2351
1627,2236,2276
1628,2241,2281
1629,2296,2336
1630,2286,2326
1631,2246,2286
1632,2286,2326
1633,2256,2296
1634,2261,2301
1635,2256,2296
1636,2251,2291
1637,2251,2291
1638,2256,2296
1639,2231,2271
1640,2231,2271
1641,2261,2301
1642,2251,2291
1643,2266,2306
1644,2266,2306
1645,2271,2311
1646,2236,2276
1647,2236,2276
1648,2316,2356
1649,2221,2261
1650,2206,2246
1651,2241,2281
1652,2266,2306
1653,2256,2296
1654,2241,2281
1655,2411,2451
1656,2256,2296
1657,2301,2341
1658,2276,2316
1659,2246,2286
1660,2231,2271
1661,2226,2266
1662,2256,2296
1663,2241,2281
1664,2236,2276
1665,2256,2296
1666,2271,2311
1667,2191,2231
1668,2241,2281
1669,2291,2331
1670,2206,2246
1671,2211,2251
1672,2241,2281
1673,2256,2296
1674,2256,2296
1675,2261,2301
1676,2261,2301
1677,2256,2296
1678,2241,2281
1679,2201,2241
1680,2246,2286
1681,2311,2351
1682,2296,2336
1683,2256,2296
1684,2226,2266
1685,2256,2296
1686,2276,2316
1687,2286,2326
1688,2356,2396
1689,2281,2321
1690,2256,2296
1691,2311,2351
1692,2221,2261
1693,2291,2331
1694,2281,2321
1695,2216,2256
1696,2241,2281
1697,2206,2246
1698,2271,2311
1699,2361,2401
1700,2256,2296
1701,2236,2276
1702,2256,2296
1703,2261,2301
1704,2281,2321
1705,2286,2326
1706,2266,2306
1707,2271,2311
1708,2286,2326
1709,2291,2331
1710,2286,2326
1711,2261,2301
1712,2261,2301
1713,2271,2311
1714,2266,2306
1715,2221,2261
1716,2261,2301
1717,2276,2316
1718,2251,2291
1719,2316,2356
1720,2271,2311
1721,2231,2271
1722,2281,2321
1723,2246,2286
1724,2246,2286
1725,2291,2331
1726,2236,2276
1727,2231,2271
1728,2246,2286
1729,2281,2321
1730,2236,2276
1731,2226,2266
1732,2296,2336
1733,2246,2286
1734,2271,2311
1735,2296,2336
1736,2261,2301
1737,2271,2311
1738,2266,2306
1739,2266,2306
1740,2246,2286
1741,2266,2306
1742,2261,2301
1743,2246,2286
1744,2246,2286
1745,2231,2271
1746,2231,2271
1747,2226,2266
1748,2241,2281
1749,2271,2311
1750,2231,2271
1751,2221,2261
1752,2276,2316
1753,2266,2306
1754,2281,2321
1755,2256,2296
1756,2256,2296
1757,2291,2331
1758,2256,2296
1759,2316,2356
1760,2286,2326
1761,2216,2256
1762,2286,2326
1763,2296,2336
1764,2256,2296
1765,2281,2321
1766,2256,2296
1767,2246,2286
1768,2306,2346
1769,2261,2301
1770,2296,2336
1771,2286,2326
1772,2261,2301
1773,2231,2271
1774,2271,2311
1775,2271,2311
1776,2321,2361
1777,2246,2286
1778,2236,2276
1779,2281,2321
1780,2266,2306
1781,2281,2321
1782,2236,2276
1783,2266,2306
1784,2266,2306
1785,2286,2326
1786,2296,2336
1787,2251,2291
1788,2231,2271
1789,2311,2351
1790,2281,2321
1791,2246,2286
1792,2266,2306
1793,2286,2326
1794,2276,2316
1795,2246,2286
1796,2271,2311
1797,2271,2311
1798,2276,2316
1799,2251,2291
1800,2206,2246
1801,2231,2271
1802,2271,2311
1803,2221,2261
1804,2246,2286
1805,2271,2311
1806,2306,2346
1807,2231,2271
1808,2271,2311
1809,2266,2306
1810,2296,2336
1811,2241,2281
1812,2231,2271
1813,2226,2266
1814,2236,2276
1815,2251,2291
1816,2236,2276
1817,2246,2286
1818,2266,2306
1819,2316,2356
1820,2256,2296
1821,2271,2311
1822,2236,2276
1823,2301,2341
1824,2321,2361
1825,2251,2291
1826,2301,2341
1827,2251,2291
1828,2266,2306
1829,2241,2281
1830,2251,2291
1831,2256,2296
1832,2271,2311
1833,2226,2266
1834,2261,2301
1835,2341,2381
1836,2301,2341
1837,2316,2356
1838,2246,2286
1839,2286,2326
1840,2241,2281
1841,2236,2276
1842,2266,2306
1843,2261,2301
1844,2291,2331
1845,2261,2301
1846,2226,2266
1847,2326,2366
1848,2281,2321
1849,2261,2301
1850,2266,2306
1851,2251,2291
1852,2236,2276
1853,2256,2296
1854,2251,2291
1855,2236,2276
1856,2241,2281
1857,2286,2326
1858,2326,2366
1859,2236,2276
1860,2266,2306
1861,2281,2321
1862,2296,2336
1863,2266,2306
1864,2311,2351
1865,5461,5501
1866,4856,4896
1867,4371,4411
1868,3931,3971
1869,3586,3626
1870,3501,3541
1871,3361,3401
1872,3236,3276
1873,3141,3181
1874,3076,3116
1875,3041,3081
1876,2886,2926
1877,2781,2821
1878,2846,2886
1879,2661,2701
1880,2681,2721
1881,2601,2641
1882,2551,2591
1883,2511,2551
1884,2436,2476
1885,2466,2506
1886,2386,2426
1887,2361,2401
1888,2336,2376
1889,2326,2366
1890,2311,2351
1891,2296,2336
1892,2286,2326
1893,2271,2311
1894,2246,2286
1895,2251,2291
1896,2271,2311
1897,2291,2331
1898,2301,2341
1899,2261,2301
1900,2276,2316
1901,2246,2286
1902,2241,2281
1903,2246,2286
1904,2241,2281
1905,2181,2221
1906,2281,2321
1907,2266,2306
1908,2256,2296
1909,2281,2321
1910,2226,2266
1911,2256,2296
1912,2241,2281
1913,2291,2331
1914,2251,2291
1915,2256,2296
1916,2271,2311
1917,2251,2291
1918,2246,2286
1919,2251,2291
1920,2286,2326
1921,2256,2296
1922,2296,2336
1923,2251,2291
1924,2246,2286
1925,2321,2361
1926,2261,2301
1927,2266,2306
1928,2241,2281
1929,2251,2291
1930,2291,2331
1931,2251,2291
1932,2266,2306
1933,2216,2256
1934,2266,2306
1935,2266,2306
1936,2226,2266
1937,2246,2286
1938,2246,2286
1939,2286,2326
1940,2261,2301
1941,2286,2326
1942,2291,2331
1943,2291,2331
1944,2231,2271
1945,2261,2301
1946,2271,2311
1947,2291,2331
1948,2251,2291
1949,2246,2286
1950,2246,2286
1951,2261,2301
1952,2261,2301
1953,2261,2301
1954,2281,2321
1955,2276,2316
1956,2281,2321
1957,2271,2311
1958,2296,2336
1959,2251,2291
1960,2301,2341
1961,2266,2306
1962,2286,2326
1963,2296,2336
1964,2291,2331
1965,2306,2346
1966,2251,2291
1967,2261,2301
1968,2231,2271
1969,2306,2346
1970,2271,2311
1971,2261,2301
1972,2271,2311
1973,2276,2316
1974,2256,2296
1975,2241,2281
1976,2261,2301
1977,2221,2261
1978,2246,2286
1979,2236,2276
1980,2256,2296
1981,2241,2281
1982,2256,2296
1983,2226,2266
1984,2276,2316
1985,2256,2296
1986,2286,2326
1987,2271,2311
1988,2276,2316
1989,2246,2286
1990,2266,2306
1991,2211,2251
1992,2251,2291
1993,2266,2306
1994,2261,2301
1995,2256,2296
1996,2201,2241
1997,2231,2271
1998,2231,2271
1999,2231,2271
2000,2241,2281
2001,2236,2276
2002,2251,2291
2003,2261,2301
2004,2281,2321
2005,2276,2316
2006,2221,2261
2007,2246,2286
2008,2261,2301
2009,2256,2296
2010,2301,2341
2011,2266,2306
2012,2261,2301
2013,2226,2266
2014,2236,2276
2015,2296,2336
2016,2246,2286
2017,2266,2306
2018,2241,2281
2019,2291,2331
2020,2276,2316
2021,2306,2346
2022,2276,2316
2023,2256,2296
2024,2236,2276
2025,2256,2296
2026,2276,2316
2027,2206,2246
2028,2246,2286
2029,2256,2296
2030,2236,2276
2031,2241,2281
2032,2191,2231
2033,2311,2351
2034,2301,2341
2035,2246,2286
2036,2271,2311
2037,2241,2281
2038,2306,2346
2039,2271,2311
2040,2266,2306
2041,2236,2276
2042,2221,2261
2043,2221,2261
2044,2196,2236
2045,2221,2261
2046,2231,2271
2047,2231,2271
2048,2246,2286
2049,2236,2276
2050,2246,2286
2051,2251,2291
2052,2266,2306
2053,2231,2271
2054,2256,2296
2055,2296,2336
2056,2231,2271
2057,2256,2296
2058,2241,2281
2059,2296,2336
2060,2291,2331
2061,2256,2296
2062,2231,2271
2063,2281,2321
2064,2251,2291
2065,2221,2261
2066,2311,2351
2067,2256,2296
2068,2271,2311
2069,2276,2316
2070,2226,2266
2071,2276,2316
2072,2216,2256
2073,2211,2251
2074,2231,2271
2075,2236,2276
2076,2226,2266
2077,2216,2256
2078,2221,2261
2079,2221,2261
2080,2246,2286
2081,2226,2266
2082,2216,2256
2083,2211,2251
2084,2291,2331
2085,2276,2316
2086,2261,2301
2087,2296,2336
2088,2261,2301
2089,2226,2266
2090,2226,2266
2091,2226,2266
2092,2306,2346
2093,2186,2226
2094,2206,2246
2095,2216,2256
2096,2246,2286
2097,2266,2306
2098,2281,2321
2099,2266,2306
2100,2236,2276
2101,2221,2261
2102,2226,2266
2103,2271,2311
2104,2256,2296
2105,2316,2356
2106,2276,2316
2107,2251,2291
2108,2241,2281
2109,2281,2321
2110,2301,2341
2111,2346,2386
2112,2231,2271
2113,2221,2261
2114,2241,2281
2115,2276,2316
2116,2266,2306
2117,2211,2251
2118,2211,2251
2119,2226,2266
2120,2231,2271
2121,2236,2276
2122,2251,2291
2123,2251,2291
2124,2226,2266
2125,2231,2271
2126,2286,2326
2127,2291,2331
2128,2231,2271
2129,2216,2256
2130,2221,2261
2131,2186,2226
2132,2251,2291
2133,2231,2271
2134,2216,2256
2135,2281,2321
2136,2296,2336
2137,2291,2331
2138,2296,2336
2139,2271,2311
2140,2256,2296
2141,2251,2291
2142,2276,2316
2143,2291,2331
2144,2271,2311
2145,2251,2291
2146,2231,2271
2147,2226,2266
2148,2231,2271
2149,2266,2306
2150,2236,2276
2151,2226,2266
2152,2276,2316
2153,2241,2281
2154,2246,2286
2155,2241,2281
2156,2266,2306
2157,2236,2276
2158,2261,2301
2159,2281,2321
2160,2271,2311
2161,2256,2296
2162,2261,2301
2163,2231,2271
2164,2271,2311
2165,5611,5651
2166,4791,4831
2167,4326,4366
2168,4011,4051
2169,3731,3771
2170,3571,3611
2171,3456,3496
2172,3166,3206
2173,3096,3136
2174,3051,3091
2175,3016,3056
2176,2936,2976
2177,2866,2906
2178,2776,2816
2179,2651,2691
2180,2586,2626
2181,2576,2616
2182,2606,2646
2183,2566,2606
2184,2476,2516
2185,2491,2531
2186,2421,2461
2187,2406,2446
2188,2381,2421
2189,2316,2356
2190,2276,2316
2191,2281,2321
2192,2246,2286
2193,2271,2311
2194,2271,2311
2195,2231,2271
2196,2271,2311
2197,2301,2341
2198,2241,2281
2199,2271,2311
2200,2296,2336
2201,2246,2286
2202,2221,2261
2203,2226,2266
2204,2246,2286
2205,2226,2266
2206,2231,2271
2207,2246,2286
2208,2261,2301
2209,2276,2316
2210,2256,2296
2211,2261,2301
2212,2251,2291
2213,2251,2291
2214,2251,2291
2215,2241,2281
2216,2266,2306
2217,2286,2326
2218,2286,2326
2219,2276,2316
2220,2236,2276
2221,2261,2301
2222,2261,2301
2223,2266,2306
2224,2216,2256
2225,2291,2331
2226,2281,2321
2227,2266,2306
2228,2231,2271
2229,2271,2311
2230,2246,2286
2231,2281,2321
2232,2316,2356
2233,2246,2286
2234,2261,2301
2235,2241,2281
2236,2261,2301
2237,2251,2291
2238,2266,2306
2239,2261,2301
2240,2241,2281
2241,2261,2301
2242,2236,2276
2243,2286,2326
2244,2246,2286
2245,2251,2291
2246,2226,2266
2247,2256,2296
2248,2311,2351
2249,2266,2306
2250,2261,2301
2251,2261,2301
2252,2256,2296
2253,2271,2311
2254,2246,2286
2255,2261,2301
2256,2286,2326
2257,2271,2311
2258,2241,2281
2259,2276,2316
2260,2231,2271
2261,2241,2281
2262,2261,2301
2263,2241,2281
2264,2266,2306
2265,2236,2276
2266,2261,2301
2267,2241,2281
2268,2231,2271
2269,2266,2306
2270,2236,2276
2271,2256,2296
2272,2211,2251
2273,2261,2301
2274,2206,2246
2275,2226,2266
2276,2256,2296
2277,2301,2341
2278,2206,2246
2279,2246,2286
2280,2236,2276
2281,2271,2311
2282,2271,2311
2283,2261,2301
2284,2276,2316
2285,2241,2281
2286,2281,2321
2287,2221,2261
2288,2251,2291
2289,2226,2266
2290,2231,2271
2291,2206,2246
2292,2191,2231
2293,2251,2291
2294,2261,2301
2295,2291,2331
2296,2231,2271
2297,2266,2306
2298,2286,2326
2299,2296,2336
2300,2291,2331
2301,2261,2301
2302,2256,2296
2303,2266,2306
2304,2276,2316
2305,2251,2291
2306,2236,2276
2307,2271,2311
2308,2221,2261
2309,2216,2256
2310,2311,2351
2311,2301,2341
2312,2256,2296
2313,2266,2306
2314,2231,2271
2315,2251,2291
2316,2276,2316
2317,2231,2271
2318,2246,2286
2319,2231,2271
2320,2286,2326
2321,2276,2316
2322,2261,2301
2323,2306,2346
2324,2271,2311
2325,2286,2326
2326,2271,2311
2327,2261,2301
2328,2281,2321
2329,2266,2306
2330,2261,2301
2331,2296,2336
2332,2286,2326
2333,2311,2351
2334,2266,2306
2335,2221,2261
2336,2236,2276
2337,2266,2306
2338,2241,2281
2339,2266,2306
2340,2291,2331
2341,2246,2286
2342,2231,2271
2343,2221,2261
2344,2211,2251
2345,2241,2281
2346,2221,2261
2347,2246,2286
2348,2231,2271
2349,2281,2321
2350,2316,2356
2351,2261,2301
2352,2261,2301
2353,2276,2316
2354,2281,2321
2355,2241,2281
2356,2291,2331
2357,2236,2276
2358,2276,2316
2359,2306,2346
2360,2241,2281
2361,2236,2276
2362,2226,2266
2363,2286,2326
2364,2276,2316
2365,2266,2306
2366,2286,2326
2367,2261,2301
2368,2251,2291
2369,2266,2306
2370,2221,2261
2371,2256,2296
2372,2231,2271
2373,2246,2286
2374,2261,2301
2375,2261,2301
2376,2286,2326
2377,2236,2276
2378,2276,2316
2379,2241,2281
2380,2271,2311
2381,2231,2271
2382,2226,2266
2383,2236,2276
2384,2246,2286
2385,2296,2336
2386,2226,2266
2387,2231,2271
2388,2236,2276
2389,2251,2291
2390,2241,2281
2391,2286,2326
2392,2246,2286
2393,2241,2281
2394,2231,2271
2395,2221,2261
2396,2256,2296
2397,2236,2276
2398,2241,2281
2399,2271,2311
2400,2246,2286
2401,2246,2286
2402,2281,2321
2403,2231,2271
2404,2256,2296
2405,2256,2296
2406,2291,2331
2407,2241,2281
2408,2221,2261
2409,2256,2296
2410,2296,2336
2411,2266,2306
2412,2301,2341
2413,2281,2321
2414,2311,2351
2415,2276,2316
2416,2251,2291
2417,2311,2351
2418,2221,2261
2419,2261,2301
2420,2246,2286
2421,2291,2331
2422,2266,2306
2423,2281,2321
2424,2246,2286
2425,2251,2291
2426,2261,2301
2427,2256,2296
2428,2286,2326
2429,2246,2286
2430,2251,2291
2431,2281,2321
2432,2281,2321
2433,2271,2311
2434,2266,2306
2435,2231,2271
2436,2246,2286
2437,2266,2306
2438,2301,2341
2439,2326,2366
2440,2296,2336
2441,2206,2246
2442,2241,2281
2443,2206,2246
2444,2291,2331
2445,2306,2346
2446,2271,2311
2447,2261,2301
2448,2241,2281
2449,2316,2356
2450,2281,2321
2451,2231,2271
2452,2211,2251
2453,2231,2271
2454,2201,2241
2455,2256,2296
2456,2261,2301
2457,2211,2251
2458,2221,2261
2459,2241,2281
2460,2226,2266
2461,2216,2256
2462,2236,2276
2463,2261,2301
2464,2236,2276
2465,5456,5496
2466,4926,4966
2467,4396,4436
2468,3926,3966
2469,3691,3731
2470,3491,3531
2471,3421,3461
2472,3361,3401
2473,3136,3176
2474,2991,3031
2475,2926,2966
2476,2816,2856
2477,2806,2846
2478,2801,2841
2479,2721,2761
2480,2681,2721
2481,2601,2641
2482,2576,2616
2483,2496,2536
2484,2471,2511
2485,2386,2426
2486,2376,2416
2487,2381,2421
2488,2351,2391
2489,2316,2356
2490,2301,2341
2491,2256,2296
2492,2261,2301
2493,2291,2331
2494,2291,2331
2495,2236,2276
2496,2236,2276
2497,2216,2256
2498,2251,2291
2499,2256,2296
2500,2301,2341
2501,2201,2241
2502,2256,2296
2503,2221,2261
2504,2271,2311
2505,2241,2281
2506,2351,2391
2507,2296,2336
2508,2216,2256
2509,2296,2336
2510,2271,2311
2511,2256,2296
2512,2261,2301
2513,2256,2296
2514,2276,2316
2515,2236,2276
2516,2291,2331
2517,2241,2281
2518,2286,2326
2519,2241,2281
2520,2246,2286
2521,2251,2291
2522,2236,2276
2523,2236,2276
2524,2211,2251
2525,2221,2261
2526,2296,2336
2527,2306,2346
2528,2251,2291
2529,2226,2266
2530,2236,2276
2531,2206,2246
2532,2186,2226
2533,2241,2281
2534,2211,2251
2535,2226,2266
2536,2206,2246
2537,2226,2266
2538,2271,2311
2539,2271,2311
2540,2251,2291
2541,2221,2261
2542,2226,2266
2543,2216,2256
2544,2221,2261
2545,2236,2276
2546,2281,2321
2547,2241,2281
2548,2246,2286
2549,2246,2286
2550,2256,2296
2551,2271,2311
2552,2281,2321
2553,2261,2301
2554,2241,2281
2555,2271,2311
2556,2291,2331
2557,2261,2301
2558,2231,2271
2559,2241,2281
2560,2261,2301
2561,2231,2271
2562,2241,2281
2563,2241,2281
2564,2241,2281
2565,2236,2276
2566,2221,2261
2567,2221,2261
2568,2306,2346
2569,2226,2266
2570,2196,2236
2571,2211,2251
2572,2261,2301
2573,2286,2326
2574,2271,2311
2575,2236,2276
2576,2186,2226
2577,2206,2246
2578,2211,2251
2579,2226,2266
2580,2211,2251
2581,2221,2261
2582,2231,2271
2583,2241,2281
2584,2331,2371
2585,2266,2306
2586,2256,2296
2587,2241,2281
2588,2246,2286
2589,2296,2336
2590,2301,2341
2591,2281,2321
2592,2241,2281
2593,2251,2291
2594,2236,2276
2595,2241,2281
2596,2261,2301
2597,2251,2291
2598,2211,2251
2599,2231,2271
2600,2211,2251
2601,2221,2261
2602,2231,2271
2603,2216,2256
2604,2266,2306
2605,2271,2311
2606,2281,2321
2607,2236,2276
2608,2246,2286
2609,2261,2301
2610,2221,2261
2611,2276,2316
2612,2311,2351
2613,2241,2281
2614,2241,2281
2615,2266,2306
2616,2291,2331
2617,2271,2311
2618,2246,2286
2619,2221,2261
2620,2261,2301
2621,2226,2266
2622,2276,2316
2623,2296,2336
2624,2231,2271
2625,2291,2331
2626,2226,2266
2627,2221,2261
2628,2246,2286
2629,2316,2356
2630,2266,2306
2631,2226,2266
2632,2236,2276
2633,2226,2266
2634,2241,2281
2635,2271,2311
2636,2226,2266
2637,2266,2306
2638,2246,2286
2639,2241,2281
2640,2216,2256
2641,2246,2286
2642,2246,2286
2643,2286,2326
2644,2231,2271
2645,2276,2316
2646,2276,2316
2647,2221,2261
2648,2151,2191
2649,2246,2286
2650,2266,2306
2651,2301,2341
2652,2256,2296
2653,2236,2276
2654,2216,2256
2655,2311,2351
2656,2256,2296
2657,2251,2291
2658,2231,2271
2659,2261,2301
2660,2251,2291
2661,2226,2266
2662,2226,2266
2663,2246,2286
2664,2236,2276
2665,2241,2281
2666,2221,2261
2667,2261,2301
2668,2291,2331
2669,2266,2306
2670,2216,2256
2671,2256,2296
2672,2276,2316
2673,2256,2296
2674,2276,2316
2675,2231,2271
2676,2221,2261
2677,2216,2256
2678,2236,2276
2679,2301,2341
2680,2226,2266
2681,2256,2296
2682,2246,2286
2683,2231,2271
2684,2266,2306
2685,2261,2301
2686,2191,2231
2687,2201,2241
2688,2276,2316
2689,2286,2326
2690,2221,2261
2691,2221,2261
2692,2206,2246
2693,2281,2321
2694,2216,2256
2695,2291,2331
2696,2266,2306
2697,2251,2291
2698,2226,2266
2699,2241,2281
2700,2261,2301
2701,2261,2301
2702,2301,2341
2703,2261,2301
2704,2276,2316
2705,2251,2291
2706,2286,2326
2707,2286,2326
2708,2231,2271
2709,2261,2301
2710,2271,2311
2711,2251,2291
2712,2216,2256
2713,2261,2301
2714,2246,2286
2715,2291,2331
2716,2261,2301
2717,2266,2306
2718,2251,2291
2719,2256,2296
2720,2221,2261
2721,2226,2266
2722,2266,2306
2723,2236,2276
2724,2241,2281
2725,2246,2286
2726,2211,2251
2727,2231,2271
2728,2281,2321
2729,2246,2286
2730,2236,2276
2731,2221,2261
2732,2271,2311
2733,2211,2251
2734,2236,2276
2735,2281,2321
2736,2211,2251
2737,2226,2266
2738,2246,2286
2739,2266,2306
2740,2186,2226
2741,2251,2291
2742,2241,2281
2743,2201,2241
2744,2211,2251
2745,2196,2236
2746,2191,2231
2747,2176,2216
2748,2186,2226
2749,2246,2286
2750,2206,2246
2751,2231,2271
2752,2276,2316
2753,2286,2326
2754,2241,2281
2755,2251,2291
2756,2226,2266
2757,2261,2301
2758,2226,2266
2759,2241,2281
2760,2221,2261
2761,2276,2316
2762,2236,2276
2763,2246,2286
2764,2246,2286
2765,5401,5441
2766,4626,4666
2767,4196,4236
2768,3741,3781
2769,3641,3681
2770,3526,3566
2771,3241,3281
2772,3186,3226
2773,3181,3221
2774,2981,3021
2775,2931,2971
2776,2851,2891
2777,2781,2821
2778,2736,2776
2779,2681,2721
2780,2626,2666
2781,2571,2611
2782,2521,2561
2783,2466,2506
2784,2421,2461
2785,2381,2421
2786,2331,2371
2787,2371,2411
2788,2306,2346
2789,2296,2336
2790,2271,2311
2791,2261,2301
2792,2226,2266
2793,2206,2246
2794,2226,2266
2795,2226,2266
2796,2266,2306
2797,2226,2266
2798,2261,2301
2799,2231,2271
2800,2241,2281
2801,2266,2306
2802,2251,2291
2803,2221,2261
2804,2246,2286
2805,2226,2266
2806,2256,2296
2807,2246,2286
2808,2241,2281
2809,2251,2291
2810,2221,2261
2811,2271,2311
2812,2236,2276
2813,2266,2306
2814,2221,2261
2815,2236,2276
2816,2226,2266
2817,2251,2291
2818,2276,2316
2819,2231,2271
2820,2216,2256
2821,2266,2306
2822,2236,2276
2823,2186,2226
2824,2191,2231
2825,2206,2246
2826,2231,2271
2827,2201,2241
2828,2201,2241
2829,2286,2326
2830,2261,2301
2831,2236,2276
2832,2246,2286
2833,2241,2281
2834,2246,2286
2835,2306,2346
2836,2231,2271
2837,2241,2281
2838,2261,2301
2839,2296,2336
2840,2251,2291
2841,2216,2256
2842,2256,2296
2843,2221,2261
2844,2216,2256
2845,2261,2301
2846,2246,2286
2847,2236,2276
2848,2246,2286
2849,2231,2271
2850,2241,2281
2851,2231,2271
2852,2291,2331
2853,2211,2251
2854,2191,2231
2855,2186,2226
2856,2211,2251
2857,2241,2281
2858,2246,2286
2859,2251,2291
2860,2196,2236
2861,2261,2301
2862,2281,2321
2863,2241,2281
2864,2231,2271
2865,2201,2241
2866,2181,2221
2867,2196,2236
2868,2226,2266
2869,2261,2301
2870,2201,2241
2871,2211,2251
2872,2261,2301
2873,2221,2261
2874,2236,2276
2875,2256,2296
2876,2276,2316
2877,2191,2231
2878,2206,2246
2879,2181,2221
2880,2201,2241
2881,2221,2261
2882,2231,2271
2883,2226,2266
2884,2196,2236
2885,2221,2261
2886,2216,2256
2887,2231,2271
2888,2206,2246
2889,2256,2296
2890,2221,2261
2891,2196,2236
2892,2206,2246
2893,2201,2241
2895,2201,2241
2896,2216,2256
2897,2196,2236
2898,2241,2281
2899,2221,2261
2900,2281,2321
2901,2266,2306
2902,2251,2291
2903,2266,2306
2904,2246,2286
2905,2181,2221
2906,2216,2256
2907,2191,2231
2908,2196,2236
2909,2246,2286
2910,2246,2286
2911,2211,2251
2912,2221,2261
2913,2241,2281
2914,2221,2261
2915,2241,2281
2916,2211,2251
2917,2201,2241
2918,2186,2226
2919,2181,2221
2920,2176,2216
2921,2196,2236
2922,2166,2206
2923,2206,2246
2924,2201,2241
2925,2221,2261
2926,2206,2246
2927,2191,2231
2928,2186,2226
2929,2226,2266
2930,2276,2316
2931,2231,2271
2932,2231,2271
2933,2206,2246
2934,2236,2276
2935,2221,2261
2936,2241,2281
2937,2251,2291
2938,2226,2266
2939,2221,2261
2940,2236,2276
2941,2256,2296
2942,2211,2251
2943,2251,2291
2944,2226,2266
2945,2236,2276
2946,2211,2251
2947,2236,2276
2948,2261,2301
2949,2241,2281
2950,2221,2261
2951,2246,2286
2952,2221,2261
2953,2271,2311
2954,2246,2286
2955,2231,2271
2956,2281,2321
2957,2256,2296
2958,2146,2186
2959,2221,2261
2960,2216,2256
2961,2196,2236
2962,2196,2236
2963,2186,2226
2964,2231,2271
2965,2186,2226
2966,2236,2276
2967,2246,2286
2968,2261,2301
2969,2216,2256
2970,2251,2291
2971,2231,2271
2972,2251,2291
2973,2221,2261
2974,2186,2226
2975,2196,2236
2976,2196,2236
2977,2216,2256
2978,2171,2211
2979,2206,2246
2980,2241,2281
2981,2201,2241
2982,2226,2266
2983,2221,2261
2984,2201,2241
2985,2231,2271
2986,2241,2281
2987,2211,2251
2988,2226,2266
2989,2216,2256
2990,2251,2291
2991,2281,2321
2992,2226,2266
2993,2226,2266
2994,2221,2261
2995,2191,2231
2996,2181,2221
2997,2211,2251
2998,2266,2306
2999,2241,2281
3000,2206,2246
3001,2186,2226
3002,2181,2221
3003,2221,2261
3004,2201,2241
3005,2201,2241
3006,2196,2236
3007,2216,2256
3008,2206,2246
3009,2246,2286
3010,2236,2276
3011,2221,2261
3012,2241,2281
3013,2221,2261
3014,2231,2271
3015,2266,2306
3016,2236,2276
3017,2241,2281
3018,2191,2231
3019,2191,2231
3020,2231,2271
3021,2226,2266
3022,2316,2356
3023,2226,2266
3024,2176,2216
3025,2196,2236
3026,2226,2266
3027,2221,2261
3028,2256,2296
3029,2226,2266
3030,2206,2246
3031,2221,2261
3032,2226,2266
3033,2236,2276
3034,2196,2236
3035,2236,2276
3036,2256,2296
3037,2261,2301
3038,2286,2326
3039,2221,2261
3040,2236,2276
3041,2211,2251
3042,2211,2251
3043,2301,2341
3044,2256,2296
3045,2246,2286
3046,2236,2276
3047,2216,2256
3048,2166,2206
3049,2231,2271
3050,2186,2226
3051,2226,2266
3052,2231,2271
3053,2221,2261
3054,2201,2241
3055,2251,2291
3056,2171,2211
3057,2231,2271
3058,2231,2271
3059,2221,2261
3060,2231,2271
3061,2181,2221
3062,2196,2236
3063,2251,2291
3064,2201,2241
3065,2196,2236
3066,5386,5426
3067,4576,4616
3068,4021,4061
3069,3751,3791
3070,3536,3576
3071,3396,3436
3072,3276,3316
3073,3096,3136
3074,3036,3076
3075,2936,2976
3076,2851,2891
3077,2811,2851
3078,2736,2776
3079,2671,2711
3080,2631,2671
3081,2511,2551
3082,2556,2596
3083,2501,2541
3084,2501,2541
3085,2416,2456
3086,2401,2441
3087,2396,2436
3088,2351,2391
3089,2301,2341
3090,2261,2301
3091,2221,2261
3092,2216,2256
3093,2251,2291
3094,2261,2301
3095,2221,2261
3096,2226,2266
3097,2246,2286
3098,2246,2286
3099,2236,2276
3100,2266,2306
3101,2256,2296
3102,2221,2261
3103,2221,2261
3104,2276,2316
3105,2236,2276
3106,2191,2231
3107,2191,2231
3108,2176,2216
3109,2221,2261
3110,2206,2246
3111,2241,2281
3112,2211,2251
3113,2181,2221
3114,2251,2291
3115,2251,2291
3116,2256,2296
3117,2216,2256
3118,2196,2236
3119,2186,2226
3120,2171,2211
3121,2196,2236
3122,2211,2251
3123,2196,2236
3124,2236,2276
3125,2236,2276
3126,2251,2291
3127,2251,2291
3128,2236,2276
3129,2171,2211
3130,2186,2226
3131,2211,2251
3132,2226,2266
3133,2266,2306
3134,2216,2256
3135,2226,2266
3136,2226,2266
3137,2261,2301
3138,2231,2271
3139,2251,2291
3140,2256,2296
3141,2241,2281
3142,2201,2241
3143,2251,2291
3144,2241,2281
3145,2211,2251
3146,2181,2221
3147,2186,2226
3148,2231,2271
3149,2226,2266
3150,2196,2236
3151,2211,2251
3152,2261,2301
3153,2261,2301
3154,2246,2286
3155,2251,2291
3156,2246,2286
3157,2266,2306
3158,2206,2246
3159,2221,2261
3160,2221,2261
3161,2216,2256
3162,2201,2241
3163,2231,2271
3164,2176,2216
3165,2201,2241
3166,2216,2256
3167,2241,2281
3168,2206,2246
3169,2256,2296
3170,2211,2251
3171,2236,2276
3172,2241,2281
3173,2206,2246
3174,2221,2261
3175,2206,2246
3176,2171,2211
3177,2231,2271
3178,2206,2246
3179,2171,2211
3180,2191,2231
3181,2191,2231
3182,2216,2256
3183,2241,2281
3184,2271,2311
3185,2206,2246
3186,2191,2231
3187,2221,2261
3188,2221,2261
3189,2221,2261
3190,2221,2261
3191,2211,2251
3192,2216,2256
3193,2211,2251
3194,2186,2226
3195,2271,2311
3196,2246,2286
3197,2261,2301
3198,2251,2291
3199,2206,2246
3200,2241,2281
3201,2191,2231
3202,2206,2246
3203,2211,2251
3204,2216,2256
3205,2181,2221
3206,2191,2231
3207,2236,2276
3208,2191,2231
3209,2171,2211
3210,2281,2321
3211,2221,2261
3212,2201,2241
3213,2236,2276
3214,2191,2231
3215,2226,2266
3216,2161,2201
3217,2271,2311
3218,2211,2251
3219,2241,2281
3220,2256,2296
3221,2231,2271
3222,2206,2246
3223,2226,2266
3224,2246,2286
3225,2181,2221
3226,2171,2211
3227,2231,2271
3228,2186,2226
3229,2161,2201
3230,2231,2271
3231,2181,2221
3232,2211,2251
3233,2251,2291
3234,2206,2246
3235,2191,2231
3236,2221,2261
3237,2171,2211
3238,2201,2241
3239,2216,2256
3240,2256,2296
3241,2251,2291
3242,2181,2221
3243,2196,2236
3244,2191,2231
3245,2196,2236
3246,5606,5646
3247,5366,5406
3248,5436,5476
3249,5361,5401
3250,5271,5311
3251,5276,5316
3252,5326,5366
3253,5366,5406
3254,5046,5086
3255,5501,5541
3256,5366,5406
3257,5241,5281
3258,5426,5466
3259,5316,5356
3260,5306,5346
3261,5151,5191
3262,5306,5346
3263,5326,5366
3264,5596,5636
